EQ,EQ_Subcategory,EQ_Category,Social_Search_Impressions,OOH_Impressions,Digital_Impressions,Est_ACV_Selling,OOH_Working_Cost,Period_In_months
18700.03955658,14326269,200375969,495344988,10359911647,177792454,15305343413,53484059,1
7776.087925530001,14739605,200340467,436015172,12651949064,186125536,18039269355,50200281,2
30349.336387409996,13826186,174143270,649183454,16176114743,173718006,16590648870,55801079,3
16724.936757577998,15626461,172848603,523693444,11839825634,199504100,16502071832,57404381,4
35555.76814243099,16382040,191530458,584629198,13257117187,158821962,16464360382,58486749,5
13298.02808206,15681243,177620161,564560916,12016317733,184973738,16925794147,55373025,6
16770.667196736,16166921,182279065,481468888,14315141115,189783672,14707037540,64667803,7
23507.995860059003,16055296,196701566,609324869,10354262215,201559237,15876032421,49668427,8
15848.528134253002,14325897,183694008,589937904,13367486593,237842052,17358102700,45284165,9
15367.017160742,16844842,203715843,494117880,13731114774,198805434,17451518969,62635935,10
27152.01724755401,15414880,190230791,625419853,11575240741,170023541,16151277996,40665084,11
10848.427890368,15613532,171366753,500824252,11715307978,215055140,15359828757,42496652,12
29070.433515433,14953529,160981904,565376261,13830933662,177951060,18188468035,57837881,13
21671.331196820996,16440654,212524159,610134902,13074421147,150386244,16619171494,57053094,14
15847.988797204001,14796591,191410187,560415310,13770699998,186980408,17195119999,60303024,15
7883.025230078998,14083138,177021661,495661857,12264864131,163113535,17701236438,52848096,16
17494.978777103002,16460082,203461122,572975080,9338351832,202131765,16037751428,51417085,17
19764.931606478003,15641500,214943487,548572996,12092974022,156629317,16997313799,54744517,18
14589.476553671999,16488938,171142263,486672316,12068044826,178417001,14911473150,57609597,19
13787.355559890999,15641321,176686474,583199638,11367212881,178509252,17605506702,41578675,20
28354.54855903,14716206,194617139,573975357,15584406064,193589225,17884740389,49606820,21
13319.193886841002,15013297,199388870,480222427,11135451890,197689739,18618417544,55296184,22
14709.080996619998,16366307,173765480,565450391,12101126676,153562397,18387664451,56381951,23
16721.936203606998,14629888,186033850,551920057,11998178840,190074223,13500579618,53926873,24
24918.463987165003,15337936,190241473,508982630,13063852656,194208477,16616115355,61319271,25
27463.328235628,15445227,213439891,644561040,12874411074,192944447,15632544681,42761830,26
16627.039140266,16573031,204650111,582353949,12611494244,193475534,15690789528,58919042,27
28121.92679837,15904305,193294633,600848860,12304109980,189038118,18194437061,64529005,28
20718.164846960008,14517518,168098927,499267519,12858342930,204365759,14785392918,58053679,29
23055.408028727004,15038916,198501081,594833605,13796947952,153859658,15722683683,60928888,30
47357.067531083005,16867190,218223288,516097028,10221531535,225751277,16022535600,61329240,31
9241.729971654,14951924,196769265,622365564,13757220938,164924849,14245884361,56118086,32
9231.984741426999,16414605,201519335,561193830,13329370261,192895160,15585686881,65682816,33
25546.34735923,16117047,185290300,543056512,14149936943,200353375,17888642680,49239520,34
22032.802491723,14385844,176203102,532125263,13039543317,209933394,15739649928,59590276,35
17485.046688844,14293881,200830062,570421384,13920053901,194841976,15774178958,51697247,36
16676.889811871,14034115,172721098,565826937,13638281233,193705768,17966403382,60686370,37
35135.525699005,14873167,200253532,512307518,11267295597,156952018,16660189568,53202170,38
7941.949039243,14881558,159241183,519605356,13701872647,204436199,15284498605,52836581,39
16383.369097139002,15666451,176063796,479741273,10554595776,169109071,14798228045,54717912,40
13127.837681683,13825836,228231081,540257963,13662387244,177367710,15343198417,55286136,41
10026.768814570001,15162634,181107217,547825541,12389831390,209911032,15812703851,59124132,42
11957.156140140001,15009053,199812244,483470138,11790850006,220156656,15248200801,60655340,43
12988.755625549997,15099591,197333525,528091895,12255405878,205790603,17249475684,50211212,44
10548.438019790998,15331122,200484634,532213178,13541994105,222099365,15709583045,59161027,45
18001.263290189003,16065692,156176062,580579869,10234175998,176923388,16183384293,67029999,46
14400.991238528,14496581,201735294,596647790,11558694201,194375614,15265936316,53403203,47
23483.818079914996,15809604,155863212,579985488,12909295609,192619670,15090787470,51707554,48
13332.397959022002,14559152,206489320,464073915,12870330441,197540449,17887188908,56229975,49
19003.784063284,16291326,212528127,510626118,13823127204,201355407,17545121686,60480072,50
12778.341591135997,15087505,168594624,562771971,12746245149,160953352,16583023157,54028401,51
12271.206973422999,15386744,190990271,547324871,13425209208,154562130,16167943861,51520306,52
12145.49142171,16046105,167519827,554480281,11889000119,151387191,13786301860,52119608,53
8803.015512079,16794687,181194126,641730910,9885396725,188767306,15378395057,55676470,54
10021.681728636,14781832,178101355,449303774,11903904967,143991877,16071548451,57059590,55
16871.910698629006,15128559,196924379,547073579,13969484906,181394938,16220872107,60270644,56
15059.853154180004,14795532,192094310,593696536,12313515437,168851965,14700254819,56877267,57
12402.974927465997,14575254,182742859,508060193,11016584967,177256345,17016471108,57648084,58
9586.707594493,12352455,193456601,577559287,13778415978,177259239,16828724957,51700322,59
21728.637920592002,16557826,204807869,521439347,14388114312,172650873,15691775356,62945957,60
47097.42194304301,13958722,220844739,578516709,14397202576,166802849,15505191205,55437389,61
18999.447857196996,14995676,179948500,598732256,12976219883,177309761,15059760927,57476937,62
20303.987431269004,17466337,194032986,572158773,15246106241,184100828,15280750193,57384699,63
17624.282103229994,15756904,188385695,526253597,14031218420,196912254,16608549981,41071226,64
10932.252513955002,15539493,193628335,479564179,11281066328,206875860,15704437700,54487683,65
14862.583591556,16296287,195527163,539813459,11588167347,177812755,16202509216,54526413,66
13508.944195574,15506650,176696253,599594732,13032151806,177105043,15814619706,56485345,67
19652.760077699997,14848302,187094710,561381551,12977842925,204291906,18027152105,53290933,68
19693.297969387997,14301294,191275153,593161107,13037876373,226612071,16161692973,59702506,69
27872.403196735002,14228816,148942253,540558079,12559784458,234931107,16343502647,50942298,70
22835.281100513,15063190,140672405,556866237,12517794125,208760608,16001246461,55833621,71
20898.53341059,15006225,182114423,559277053,15099819517,187723107,16943614973,50026004,72
19345.105155013,15566376,183823387,531407191,12184739603,184342963,15693888704,57702226,73
24096.678403533,16097934,189067823,518098532,12336295557,230738772,15369614047,55214311,74
17514.560137235003,16188580,205575727,472436548,13142858377,182584120,17101678650,52036192,75
17009.243457542,15150650,133436400,602245375,12578203813,172652946,16950881870,61284088,76
17236.459467012,15891479,186157965,607231514,11155981718,183287091,14730826169,62090763,77
10783.248661551002,14201525,174707559,552520353,13603854903,177603576,15884672200,58732713,78
11270.798499806004,14582041,171999065,424308717,13847793818,181332333,16325230104,48479700,79
8718.024855726002,15695185,181019784,505060382,12832751705,193040676,16606253056,54757756,80
6742.476572564999,14117732,166159123,457566987,13420892717,177602472,15595179748,63423393,81
7392.995294290001,14351749,174316706,542456196,13110448057,189451538,13863449171,46774603,82
17441.155717764002,14205071,188326284,527755196,14797904853,196737474,16789172990,57775512,83
16120.362687702995,15422391,182541460,529100659,12835272560,189475788,14929966756,69012626,84
12611.835014272001,16298274,190585953,446063099,12751244249,174271954,14255670254,44743816,85
17671.264493275004,14951778,206174122,615080576,13599289984,175575846,15352724416,61317664,86
14999.986168600004,17392086,168260354,530687644,12987785168,172781279,16128844009,55532617,87
36384.73417381999,16878092,207208270,480819450,12602486468,175213945,15098765702,49426867,88
16868.34095573,14694550,209835746,534979204,12334381113,182882297,16152642149,59029259,89
19399.251706320996,16176861,179706236,540589302,13608592186,213640593,17081874748,55676175,90
14386.023905529,16552743,203599111,606492758,16634512669,191377772,15746201023,53793573,91
20648.001129204997,16062313,185662637,614473915,14295585281,175565545,14617142155,52510931,92
13827.384557938,15809353,175575517,595331353,14534679696,190462330,13827829004,58583020,93
21273.460154545,14623277,204290478,544096802,13976376514,149484787,15301845026,56698516,94
17939.402788084997,16429980,164874602,399849576,12756757095,139285300,15988940747,50184859,95
27503.293121636,16520390,170965118,463944255,11333592382,178522259,16657376739,56648118,96
34685.53286780901,16654168,199598010,546864772,12543062612,148051600,15758328930,59615919,97
15101.781245729997,15499606,176032164,539875684,11624575431,174119849,14797867520,59509675,98
21239.036018283,14673396,166152290,560850665,13721577556,169777967,16432188641,51787487,99
15873.339651577,15365126,157942189,538272993,11880829124,191485694,15507021219,64974991,100
15628.226571210002,14783923,184831917,510578420,13262539355,239266968,15911582325,53046761,101
28007.879753597004,16004769,173710383,640210618,11845300764,182410973,17296396951,52764209,102
20122.007718365003,14604866,179128023,576065310,12888793795,215121274,16946578938,54925690,103
13659.221809069002,16318757,177984700,598253335,12444012409,219167653,15361281454,58408309,104
21656.512984383,15787633,165771020,488000899,12512480563,219838358,16391039470,52776081,105
23641.135729153004,16961683,188486433,664828745,11175252074,210806531,16412189407,53074646,106
18831.82334716,14984099,213244404,484158308,13331369849,186125391,13733663262,60237351,107
19528.091452808003,15059904,180143321,556707753,14081156160,169632616,14926969958,54630657,108
19453.915911540003,15348508,176884586,506174719,10445133384,196569830,16079678210,62283258,109
13519.508348515003,15413444,169769369,594603249,12616755926,181199551,14592909004,59170679,110
11783.674607027999,15807512,178937322,475420524,13891641839,176432204,16230073410,57646590,111
19757.934493527,16913791,156281631,623114895,12382076969,187953556,15807416138,54210749,112
13994.056671873997,15293871,176333483,600176322,12153330660,190847683,17574532226,52350468,113
29177.37426209,15185437,212431305,578155920,11676898697,181893732,16828000194,51185053,114
16550.42757073,15183176,180164164,636152660,13387100019,156359707,14517196215,67317544,115
27247.42206523,16162054,193984012,581963919,11666404748,158287179,14965055965,53908008,116
28519.509526452,15833789,176244300,556821901,13940306240,205916858,15456769091,62166278,117
29191.713810678997,15585202,201359016,527998354,13234272470,193480050,15418792038,57295268,118
10740.858401399999,14646048,173096403,564321856,11937951813,194063083,15496272363,62736421,119
17908.530361778,14569787,214065884,505046670,14137036352,209858809,15063045851,55903515,120
27171.486286652005,15368160,211810949,532275260,13613825456,188121961,16970355234,52013606,121
14501.371284981995,16161465,147334308,618998285,12231993535,189157041,16916832341,50238579,122
26852.431592986002,16741584,189574680,654532722,11610934943,166021692,15744982260,56812552,123
19375.589844774997,16081516,186753974,434883214,15611007624,174111800,15925850537,54377649,124
22337.464744534,17015111,163640683,564888518,12674851688,193072070,15612749237,47055979,125
20088.020238130008,15215380,192220754,519370285,12608589476,206612017,16718902884,53957759,126
20238.269921328003,16406253,185240864,519565033,11444741879,190316274,16077101429,62496968,127
38487.92201032401,15651377,212218214,531021250,12115067701,171042754,16341537845,54438641,128
18395.867399632996,14655562,206894068,493663378,11993270616,197625646,14380930807,57694266,129
13772.042715724001,13417057,182823903,441218822,13015494888,191663077,15342384664,48395655,130
25233.502310315995,14703265,188983624,547850553,13008534879,190361149,15764038221,50704787,131
11284.825970884998,15956215,192624050,577665257,15485378420,177431034,17602066422,67504396,132
23491.028193409995,15051838,180489319,472451390,12310503493,193327541,16221605681,56026734,133
21639.408337554,15272990,191983406,635424906,11515097690,187389470,16256052241,58862149,134
31360.778697730002,13301309,199129746,585375639,13080628820,192080751,14600391321,58836033,135
15285.184461742998,14523753,193591649,603152511,13778101105,180821540,16153936599,57917494,136
16465.51311468,15397506,190033464,568827192,15332292460,207513452,15309479315,45860183,137
8010.326018853998,14409776,188041231,591958070,13417204486,183372738,14499916755,49610135,138
16352.262404963,15484581,197991556,533063960,13202490302,201384118,16805512748,56383422,139
17330.688427741,15209788,203026676,442766499,12279973570,227000002,15567645717,46139135,140
13445.668983269,14852503,181353826,622608841,12219671699,187399812,15140360891,51144177,141
29084.19906327,15623089,191692921,570027087,11960236312,200742102,15927141018,58041419,142
11962.417534592001,15410865,183881643,597528240,13582689538,185765994,16122542309,52715054,143
16052.088683097,15309602,176931477,642336385,13211532891,160194940,15667823759,52757741,144
18790.589831279998,16668073,213749610,610373864,13443752309,214101025,15136725049,63135398,145
17343.914017906,15997789,171368367,511859512,13709004824,167227105,16243263595,46670144,146
18670.73073551,15381898,202607525,530279757,15537287767,152022732,16137618599,56253843,147
13643.162874844,18046408,187887720,590021674,11990046569,178426437,14238832844,58149197,148
19120.046181032998,14920356,145462533,502129775,13456537210,181426675,15199966126,54108922,149
17341.565053801,16340476,179780074,512322399,12088653916,158987695,15434021228,56130203,150
14156.773120157995,15981539,188553520,525337518,13564931626,169571833,16051114902,63422094,151
19513.960178454003,15751618,169422616,546749551,15147816273,202677509,14463280194,69562133,152
23210.262093383997,16179627,188853302,629171407,13268400465,140629156,16415618924,53330538,153
20672.796371279004,16103777,192964857,515561890,10616608097,184115306,14673171257,51182685,154
16821.866145988,15889171,192925505,504398817,11541865338,206684919,15185356483,55489481,155
18863.35793156,17154058,174272832,666150221,12720621104,196555881,17690640157,46451186,156
14358.523287404998,15713259,172910135,579533374,11748585352,200486513,17821893910,56311547,157
9176.876208589,15046464,177902413,541095337,13082363754,178586028,15998310461,63461674,158
22300.459396006994,15014040,192112458,598562869,12477473575,225060442,14312086709,55089438,159
16482.030918349003,13654846,199890080,491698574,12644097199,189453948,15398123744,54889523,160
18769.657392271005,14917291,177800910,494187062,12082501735,164082506,16000498370,63003980,161
15553.743668765,14448778,216553690,484067422,11610047747,202016177,15698387510,51545090,162
10325.976735403001,16888202,172165667,480483751,10747136461,217549973,17162895419,53408385,163
13524.351238477,14956329,198544596,493084520,13210114223,183578396,16904789095,50742866,164
25730.594097807003,14547651,222236459,582172498,11325949000,227748873,15602799585,48592121,165
12173.48831389,14166493,172110627,602925060,10869063579,183378254,18036462846,50803496,166
13767.663110910002,14820039,161148937,562782010,10885768059,214783364,15053829299,50208685,167
11433.214876348,16058409,174964282,536344892,14776468466,182060429,16401644609,54080885,168
12768.044502869001,15059084,175569670,535404167,11273340716,187038299,15994401290,60866412,169
12440.020693277,15842302,198571493,589937469,11137012955,213423953,15227906110,60072475,170
13620.290969930002,16021076,187118177,559557573,15933995086,189564832,16052904763,62037045,171
25598.625046273002,14925825,194940667,599507471,12495567354,202852587,15242705667,53959604,172
26870.154310110007,14830678,196909841,650948865,13026366555,220903629,16888959286,57323326,173
18195.541368893002,17109991,181936429,632486531,14232544794,195991722,15233519218,60066815,174
13831.3100721,14993239,160558983,569521806,14476369892,205515843,18361908017,65770707,175
28362.430369837988,14809307,166566527,668355785,11671925030,165277590,14496233586,55460128,176
11879.180867277002,15634518,183665982,511765126,10134800008,201774387,14951031700,53323626,177
8221.719025634999,15212916,156234114,527873261,13159295742,177124676,15422994345,52601022,178
7226.65056132,13334725,161557682,554516292,11101647667,249374738,16696427210,57612319,179
11004.549869195002,17285013,186855731,603318306,13817047391,175346285,15996008090,45800312,180
24525.263089519,16385010,160215461,603328547,13289608116,226896178,16475697348,51619799,181
16829.193107346,15061081,200411314,549084486,12920986199,183714624,17174150311,58483488,182
14907.30058694,16334048,205320497,508751702,9412246619,188378770,14842384470,54935573,183
35026.627953430005,16765096,209276293,659336887,10412637671,158368086,15739423357,58402848,184
11822.179648739,14451058,194177945,407204223,14126164443,207928932,13715731922,55224114,185
7845.765268087001,13145848,192730083,510047477,12114493357,164936510,16251266081,49770198,186
14650.637815502001,15952628,144843805,542685964,13668180991,184938860,13438319723,45855989,187
25689.34481657,15568807,192813041,706723227,14579774562,170057045,17128161830,57745040,188
14346.914689014999,15845217,222648224,458222065,13022904382,176873380,15718954639,60313940,189
11306.714153657002,14665104,185766105,519897132,13717315693,148637762,15396193493,57807526,190
14503.226191592998,13565696,195935253,582734992,13079601628,185010891,16657125957,48100927,191
10921.702254045998,16169152,171665083,544383148,12487048345,178467819,15736866744,53989485,192
29007.952785609,16520834,193975987,489109051,11652044301,162815241,16584679582,54696602,193
15560.39124096,14797065,162744008,549720949,10271722825,177088530,16155438613,56356113,194
10199.837198195999,14830079,190553350,591738467,11713205115,193776508,13179760527,52949171,195
21546.522222688996,15461611,198915494,538322842,12166262994,190108615,15650238664,52996929,196
11258.754724155997,14434898,161850976,545959469,13196524115,153899741,14288232139,52686015,197
15797.496821016,15439256,203285877,562069369,14694283594,157314052,16544174560,56933743,198
14498.068711772,15005762,192526323,584873868,12241062282,193659900,14861426114,46852282,199
19495.608287589996,15968493,190757955,440232482,10841476636,165959395,14899079458,61481573,200
12150.84694097,16782883,193370391,502779713,11771801116,179753017,14257431149,51738776,201
19678.969330690004,13377917,205111980,423298515,12253935569,179277662,14230033618,60678871,202
24892.540895327,16000608,156841452,581134632,12332244914,182395857,16959071873,61339184,203
26678.786305996997,17301655,193128704,576910105,12444011762,176641152,16222639380,69883419,204
15294.871264081003,14683924,168394379,483039499,13138930206,159884668,15208424222,43658428,205
22993.258238858,15594312,192648618,491962972,14118482695,177691164,14851339823,49392629,206
16158.834913111998,15620025,190457383,475333804,12045084004,156581328,16233361649,53145166,207
26340.295712945,16702623,167160398,585941784,12229084837,197368075,15080507750,48083582,208
18245.880822811,14096469,202731430,529203504,12711183403,176983948,16381831142,42698301,209
19609.492163353996,15753972,184401980,566705340,12602988758,165145348,16915389788,62194457,210
24843.82988547,15867847,196241223,433641102,12645348172,197043870,17057142274,64440676,211
11631.700849469,16069748,197776339,505505116,13441778701,191090608,17382689864,47027870,212
10012.81465733,15967033,173694163,442281502,12598098891,173504245,15102834372,50050327,213
13571.743764862998,15027410,174301368,400369538,11133628123,221982624,14807940801,55847330,214
18858.207411943997,16012265,165383718,665386899,13445233066,206958932,17708330908,53371057,215
16587.02484536,14565505,201332925,533878965,12577225760,192816830,17442447756,62924031,216
13516.249814295003,15074728,194946647,598876748,12249184486,217286291,17038378607,55545988,217
17593.19695746,14394107,174237225,575556716,9944130735,164537260,16314528218,55419090,218
14391.622812241001,13062696,184768751,588448772,13487371023,168389295,16717709642,64469432,219
16477.034353728,15646591,191937040,559051080,12032289365,184510967,16193997283,62850526,220
14466.487204870002,17285338,179961037,534577988,11470120980,189221435,17930547962,57666547,221
20873.79248852,14321881,199770160,616171317,13702948615,180941027,15513172268,48660342,222
14260.413954074998,15262721,175257000,549392029,11668768645,161585917,15449867766,56947619,223
11212.644931896002,15584635,173847133,526316753,13581590795,166072172,15137617582,49978685,224
14426.043926392002,14224533,159740756,570385360,13389354479,206259019,16628882607,53627773,225
19661.954972244,15264655,180777163,513911575,13684950780,205820110,15205436428,54705859,226
14863.086215148998,13043222,167951034,563033015,12582720316,179397874,16758686797,62632849,227
30447.231142764,16239290,228249370,501700892,13814459891,193761022,13280082560,57204544,228
18250.308563871997,15024669,185330201,585911742,12765119862,130091448,13882271622,59774231,229
18581.804464978,15762487,164298062,663712727,12517449511,165110520,15625379409,46723312,230
12418.482316128999,15783740,166639009,589277026,13492205887,175833464,17525068715,50998897,231
16615.082045735,14456163,184622418,471595263,14022638890,192883067,14803017453,59028092,232
12256.23990569,14615988,199318934,502113614,16212945630,188554385,14888572391,52300215,233
11781.452866197003,15774118,182276611,551353405,12224610628,173885029,14343395165,54403913,234
15098.914718076001,14199815,197676543,655926131,13560405804,198265784,15422986974,45230379,235
21055.861670627008,16761009,192610463,599464359,13065843750,157003025,14471814872,60153994,236
22406.043428016997,15950013,189093287,513802328,13787266585,188429258,15020031608,65516978,237
18871.637257469003,16731157,178671462,546168251,12521968983,182902014,17123208930,49760259,238
14054.855640868002,13863506,204816823,564787371,12497182447,158012343,17051810657,64465013,239
17657.223663411,15043905,183427884,616255398,13163872572,177282637,17394346564,55112150,240
17319.342771972002,15643038,184361622,624641649,11437657819,188645129,15507999352,59044627,241
11037.520092186998,14451604,175790307,496233165,10744837056,174684567,15286639470,51958426,242
11817.437394890001,12722925,208963865,491615065,11272668889,185581055,14840677089,57114365,243
20767.119835786,15706058,171827330,626648620,14305322992,220564150,15933673717,57073428,244
12531.648624689997,15147581,199959277,498191905,12113068837,202011397,17427389545,48691573,245
12869.575416293,15358193,175129474,562467637,14274884187,193319094,16615250966,52867557,246
12464.268180858,14839930,182336207,559326980,11330041482,184061142,14999836369,62112238,247
24120.800428667,14186285,189970352,607953583,12781735846,172529249,14783513595,56054125,248
14544.218191986001,15314362,194379406,560692893,13453049922,162275427,14580340007,63575744,249
15645.965863866997,13996926,217009554,535348138,10336999259,175431715,14813956927,51270353,250
18672.494148134003,15225122,186099422,562897035,11406233625,205118771,16423546137,56253615,251
17067.203542496,14572849,195852391,558598955,10983344711,196643356,15580609769,63063808,252
9533.270639612003,15104683,194313647,484406344,12764930105,192795680,17493619280,62884752,253
23143.285686288,13964613,208476655,573138775,10886523909,207373538,15839642111,57533830,254
9506.161950827998,14868459,182317003,473352422,12523112450,199416001,13939626236,53826517,255
14294.190077743002,15676675,195867861,524381456,11794710398,211991554,17260281480,59090664,256
22784.126184161,17368481,198030540,639008651,13243296113,200024728,17771941994,57106522,257
31497.306583491994,14876010,198669075,562252138,11695572365,199611449,16509383221,65571249,258
37719.485703916,16914100,202214428,580090873,13892351980,162288211,15314413843,55938584,259
10832.914249499998,15234139,175092571,536191343,11856406848,190980008,15043803743,51190353,260
14221.622011919999,16146329,197008989,528095743,12690610797,159615462,15304922394,51091089,261
21342.290171239998,15748554,172916264,547682681,11508829192,166997380,15882392649,61178371,262
15209.693278176002,15455740,192623854,636345666,11547238491,171874020,15321802902,53705118,263
19014.580594520998,16959513,202319013,577756837,12612736116,198670284,15757072689,53267847,264
8322.049596134,15046718,187025816,569089076,13973157027,189732439,13843731409,61862759,265
10598.233578625,17838853,196902987,526500795,15296301601,171758585,15462900786,58758873,266
14876.311914549999,16336110,208220394,577991577,12324344952,171396398,16342902267,51872609,267
9807.451550539003,16001889,194417606,495315070,11716590561,203543760,15249032124,54255045,268
15041.977019426002,15147646,157927780,570497740,12022306328,149187260,16069900722,64713349,269
16382.551246349996,14149602,192213696,592426125,10890695391,201785476,17729435275,49328541,270
24256.412336933994,15233631,168313118,588474927,13207793364,201700548,15292613392,57913197,271
20865.025785996,15378811,208638568,567563497,12395349205,204005514,15482825660,49365859,272
14926.905475988,15443976,195632020,430264415,10061666099,141283196,17204046295,52059851,273
7988.871542122999,16226421,184003905,378302866,9525287607,207760920,16647807589,52539471,274
12365.430558752001,16048943,183061368,599165556,13898831491,178316758,16648124976,47787856,275
22898.082810799995,16993239,200188809,587160576,13071835850,146279816,15353753007,53879628,276
17754.687733159997,15325144,183965573,660770998,12815653467,209672491,16158551849,50800302,277
9417.299991286996,16123697,170714170,517085660,11291502031,185067762,13388735406,48107724,278
23202.687810831994,14331278,201712078,552525125,13797979226,178239620,14814898488,55649652,279
15377.945155682999,14218422,201455835,483840692,11856386545,225467881,16288576680,56400714,280
17103.447063363,16538463,174873065,502016154,10598200256,236367990,17836219001,56513538,281
19318.491783721,13718258,186086467,589109879,10732221176,162810735,17193164099,56028482,282
30757.938928566993,17102835,200563880,694850880,12606317677,203388774,17121330204,60849659,283
17529.843180255,15609528,202721830,595466766,10817774170,178112878,13909779052,55537856,284
15133.289908409995,14262027,185502680,557522774,13179826850,193020073,15239409686,60870021,285
8762.728509213,14769620,161248814,437782051,12460882779,179022302,13539886949,56129435,286
42154.53045341,16353705,215353548,606526348,13082511845,179356415,15255215464,53523704,287
21778.34875578,15147305,208893792,524441281,13041502169,205054832,13633310202,68308918,288
9841.23071273,15982086,199076275,541663667,12345672562,173370470,15088524414,56989528,289
26555.319704467995,15335819,221984190,570030337,14189409340,181968581,14661181912,57780853,290
7824.233181874,17021904,153941082,481144796,14063051867,219792016,15936901152,53166320,291
19862.175922969996,15225460,175129300,574982418,13843054436,162966433,17060491831,48746875,292
13154.838911066,16020562,188209102,593531269,12042942243,170870177,16754770336,45330640,293
26356.039138408,14959085,192006822,561247997,14494937524,237931942,16391954813,59529535,294
16219.289621441001,15135619,177190071,507692961,12556372869,193258217,16937997596,48324879,295
13311.108695252004,15345678,151561652,513928947,12708799436,166564843,15351873192,58110053,296
17250.419699574002,15203467,176484533,514635671,11295923389,193777365,17054363746,57175903,297
10573.476164835003,15110119,169900186,477770199,11315527860,155157508,16679387756,59087811,298
20185.381473770998,15887073,199640656,514900261,14177435810,173485250,16614137387,43165061,299
9405.157968621003,17270887,194987268,473115657,11393149973,188347221,16108239076,45501153,300
19645.019309594998,15634725,201406740,616880051,12988766005,191313352,15769080237,55537236,301
25941.677259212003,16890650,176442295,701065883,13492494029,211832042,15446407713,62271478,302
20994.861915652004,17132748,196309957,561485070,9482997045,179143796,15468224827,51746138,303
10164.363603115,15073775,191396916,477150175,12277669680,203738747,17133533716,57252646,304
10664.178907892005,14449548,158694271,505371142,11142080039,173108457,16446470316,56825033,305
23894.817513174996,14629153,157050907,607491165,12790224601,220727053,15149480678,62590291,306
23188.27490856,14121189,183916791,642755524,11006906358,218134159,15455341443,54064856,307
25331.502073729003,14188891,199980863,508073774,12363467913,197534068,17180238375,63299185,308
12473.748850160002,16053625,185561037,490735524,13069261934,186797884,16042050182,60207188,309
13396.702252071,14165227,197315278,506620970,14720697844,185928468,16968694964,53083037,310
10676.361852293998,15296982,183958134,468874013,12438237323,180032394,16837850119,54432052,311
24953.774609930006,13210964,201273148,602067520,15108623948,218325470,15480051806,66462003,312
20151.95470994,16714550,187738117,507786625,12366779854,197343836,14256520943,52450520,313
25300.20568386,15270227,214843964,646445371,12414229567,151720554,16173146295,59577784,314
33854.67245413001,17669907,223851969,629467038,12824086314,174603218,16037264267,57396375,315
9186.315328021003,14178744,187931825,606034109,9743189256,165997686,16398549904,62742866,316
12786.151528356002,15513808,180851318,524711865,14865884055,188337562,16757462550,52227138,317
16787.845881319998,17377647,205889696,535642345,11153393125,189733056,15674063102,53642080,318
7924.480620856999,15095512,175962691,458997383,13361731861,210658378,16127099139,61725520,319
15019.158117096,15543905,198197935,535606072,13862650975,164118007,16338450197,46385518,320
14248.276085205001,14878293,148069611,519702629,11845148847,216015911,15071356910,51337212,321
14630.366799144003,15047490,199649142,494576204,15244625218,209958175,16399516757,58605751,322
7679.0722894519995,12923463,169467734,488575291,12475537700,184977676,16766870907,46608293,323
24693.199388128996,14916085,222315108,574403581,14339230030,187747605,15719409555,59250570,324
13269.293544024,14191174,174844154,497392326,9597083892,162994535,17343902275,50789359,325
10377.283712981,14479603,191759170,480374125,11246766495,197512886,15126501220,55727905,326
7818.6173125489995,13312107,201624247,624101986,12328277074,168676169,14194091463,49521981,327
16852.389122503,15435787,159174889,606765733,11386993596,203541392,15228246350,49182196,328
23425.441344327002,16301360,162235122,633814838,12200020683,170714396,15222122969,59036774,329
14127.484144206002,15611431,164176399,606435223,13758962466,176461749,16248087743,58838483,330
13158.92434758,14284215,188704515,541968277,14366225671,191101203,15881679149,48713250,331
16078.320597920001,15505801,168766203,583313196,12940302190,214286493,16093078253,48706793,332
11034.447835687002,16838325,189580938,436679191,16344290052,163828672,15318552629,54770084,333
27206.578680739003,15129251,172870336,647780785,12663162289,189741726,17245017061,57658261,334
13783.984259848,14854145,192161563,572282289,11319536125,214086726,16025787556,61973770,335
24148.195088873,15899430,213935523,559455403,13002755553,188881485,14321856354,47818071,336
28533.131133559004,16963934,214546520,530456618,12812842490,163558279,14662036584,54185365,337
25060.81002453699,15789689,195816863,499321439,12905905209,160752340,14504930349,51947586,338
17731.40571734,14534679,178491795,586999660,10563298399,166728566,14223944448,50296387,339
14381.321978009997,14455586,201351111,527137218,14188811241,152683766,15505297275,58178574,340
12517.739579067,15498293,176696996,580414258,14883560291,192314173,15953001888,55985610,341
19783.375917865,14815883,188157851,514380404,11660463514,161291008,15216932676,47777545,342
23470.982279581007,14205960,196760607,554331630,13727967353,189793077,15809584164,60500314,343
19362.778462856008,14576691,168057482,585541292,12879182886,219042746,15105079715,56288430,344
24497.255353093,15365880,174687359,578185385,13146375123,199007213,14854099026,71413949,345
19452.287268940003,14939545,168112525,589322997,12919599222,183942006,15280048446,56748341,346
19408.150330008997,15763563,198490375,502641423,11466728282,234434555,16664836969,56610568,347
14562.103494745998,16165926,177254788,583764913,13957430452,171956898,15497623613,61242068,348
15146.350056676,14747797,161626712,509209976,12162371500,197956780,14502959123,47789411,349
25624.205398493006,16994531,167254962,593811327,12270249442,196795454,17194575678,54652150,350
20403.090209677997,15854960,197785254,485060691,13955553419,191676302,17113431928,51230389,351
12062.857985305,14954214,174621046,574247450,12760777299,207073343,15301773314,59075864,352
12878.616095143001,15818246,173449471,596856584,12965751212,220552657,15018197428,58986148,353
16528.455282554,14636189,225024820,550638888,12756123362,204401510,16124265222,56890246,354
11671.7890403,15180249,195948648,604084501,13352743430,173073676,16464455273,61964790,355
15469.281670124003,16042915,211094241,504187457,14790216981,180541369,17810443195,48893966,356
19971.262889565995,15223056,156797547,537725348,13054255044,223119819,14159787721,46589371,357
20030.280284804,15559147,164951483,569462274,11608094210,187390334,16174648015,60894111,358
19210.495385412,13763099,206301957,620637784,13512755334,130154100,16254989250,47325854,359
17698.624940544003,15914219,189563491,517404602,13612131738,196828575,14329376564,51262970,360
26822.139917431003,15910330,208840578,557038897,13133905444,190570637,15643335548,51704646,361
37641.30665401099,16286653,207415753,554153389,12153838528,165322747,15482934932,54862378,362
27440.302033428,14674268,189049954,570460127,13940240714,164098981,16398175797,57513817,363
21759.619228085998,14123218,198437392,507864585,12507554822,192980890,15398869991,57805712,364
11631.367858110003,14491041,210080495,680552925,12582272333,199841925,15886919651,57350073,365
19793.511451022,16487886,181654335,523674157,10658884266,203621159,16355289624,44351011,366
18982.057890870004,16506323,190399104,604903596,11584660148,154190738,15807503332,50404868,367
18924.010356900002,16507646,230199650,560610067,14386942951,159862422,17486956753,47652674,368
14869.456931591003,16457810,215310056,483848886,12388231895,180993661,16353775445,50364112,369
21664.314119096,15732428,192717302,607580721,11584823641,213785225,14738758948,60854284,370
20303.5178743,14366668,192246917,528441294,13667139337,184959091,15590422223,52017210,371
25191.178853822003,13391757,205682518,576734877,11432981265,157780417,14570432243,55846812,372
16215.288517304,15954476,198854072,566947644,11967404539,192790110,16461208879,59371153,373
21042.180882282002,15190252,188397467,549145375,13192039008,209436569,14121717873,58075555,374
15433.364139511003,13828952,213513984,506048530,13357610370,201782546,15775896564,54571846,375
19686.796069861994,15941987,184379727,609532583,13397108282,204028971,15833664659,56205982,376
22017.106109221997,14979854,194907348,572737015,12158891918,186034233,14611601899,44984199,377
20876.938492437996,13398623,165752897,531571356,12835874268,204564346,15667834217,50473602,378
30469.105503591003,14380524,189117125,577374681,13056221414,192892268,17014133905,66262690,379
14403.803934302998,15494588,190387391,607716020,12987124206,193089520,14708324591,53841023,380
13857.36817749,16308571,225158784,531468366,11798189195,221580395,16438369281,60881978,381
22249.884919840002,15525447,213628947,633573729,11328590131,159061169,16231589349,58199008,382
5110.5838782989995,14595775,160345353,410765069,12510253304,180215971,14744661282,54364895,383
18203.853950399,15956764,180797732,533879203,13005869066,190286797,16738974076,47821841,384
17453.626225622,15566873,182503967,596983907,9961944873,167499827,17066037037,52156075,385
9413.356483742999,15853364,206658053,504873190,11818203786,159164786,17531263396,50358326,386
12548.06158987,14820985,187447013,468306267,13569154756,203381205,14419331157,62849287,387
30634.279886125994,15333544,202562511,537137939,12151012222,205535390,15614757147,55276371,388
27967.441474211002,14523171,208776718,540401658,13068436475,207271826,17508320378,55254028,389
38508.01890882,16467666,193004490,596006871,12884030840,181610629,16547015722,60348554,390
15894.567451061,15568358,177186352,543827528,12680978218,174310393,16348416698,56463776,391
12065.273005634002,13619799,184432202,541351523,12730114318,149133591,17962853471,58004795,392
14892.048324074001,16650952,177617967,512821109,11237314697,236680296,13568259494,57078731,393
18346.67084056,14998718,189894816,490254624,12922972741,181378627,15616318272,48283771,394
14749.635299860998,14675614,164728750,532332695,13925252077,220556742,16047868023,55898015,395
12834.317114225,15285566,178597682,506054062,11992861313,179377819,14437896078,58177167,396
17690.544898806,17524122,180060230,560354535,12398655186,205958996,15525023184,64629191,397
13632.327950730001,16051535,174580470,624021122,13502732817,188344826,16264167341,49446349,398
17133.781629464,15217253,179767082,620489267,10718099965,199234651,15388510759,59368212,399
19686.651441441998,15382017,179751492,576796311,11223134957,166898001,13288754521,55059410,400
21339.052443769997,15959544,199035967,512097905,11316630759,167062798,16558204105,56240273,401
17629.760630032004,15589452,166392027,572102106,12017228147,172328972,14948229084,54294906,402
12901.736193403,14240536,192126441,498575904,12669689472,169267888,15907501826,54479796,403
15297.504770897998,16538193,190441427,532758841,13211232984,188539880,16406335990,56325744,404
22557.27902551,16146664,205834392,547662821,13973968094,146162865,15098417694,50914347,405
16509.734718028,15903707,203991068,530996298,11225954205,180171398,16766264638,67717377,406
9471.323533735002,15949594,164065013,476764984,12232522978,225740674,15940307884,56571694,407
19576.164828214998,14751002,176232309,464444500,11103502453,155075643,16411240714,48459160,408
10817.349117496999,14422827,174117949,651114680,13570889663,161016490,14564557927,52080737,409
13974.974214759999,15974645,201674487,550408682,12839787259,192116487,17232704796,59214931,410
22179.329609876997,15207971,202575813,522956907,11872943355,157979076,16543418438,46858307,411
22394.064668225008,14993939,175722766,445120376,13108599487,175423516,15432846473,48666927,412
18655.404758742,15171923,184462054,588694727,11181715591,171766634,15932714584,51444425,413
14181.988349188,17637372,188655222,584904506,10497542820,172783672,15209173405,47609155,414
16773.914521021998,13795507,212069829,553804481,12132510302,176062592,14178564149,48725136,415
20939.963100969,15161033,183408911,578728388,13550819310,214132344,13258480430,59003943,416
25663.231326801,15508626,214263773,539926578,12749694262,206931604,15703529710,55820086,417
23717.93892026,15225917,230560235,519324228,12451670099,189588549,17575738992,68180135,418
15485.82449508,14610391,169156048,554400943,14657641597,172662255,15912116382,54530640,419
10371.017125332002,15791221,173157559,506412566,12945973194,196591001,15125603790,55715964,420
13117.272171188997,16965814,192455172,517584125,11387964927,170076323,16686633670,48630405,421
14431.651252836999,13968051,181451524,635452522,13482089109,190651431,15605878849,50318514,422
10953.452224857,15886519,179147530,527883450,13156070578,204355071,17723269418,51336032,423
8634.611719086002,17087624,168972535,472966742,15284843414,185494860,15846597146,56010531,424
16958.870261026,15879851,174427664,518014976,11592751985,169462935,17660275657,51390187,425
16826.694901714003,16454363,185583700,538116287,13518093080,184882822,15148851575,48160450,426
15582.036667138,15819525,179265530,552917505,13268144372,166964105,15686430515,56336673,427
11256.900766601999,16230056,185133279,547272286,14142572176,181632051,14992290444,55637192,428
7038.162333561001,8163530,104267605,374802572,6577615542,105999854,7441053391,32001349,429
